time_s,ecg_sample
0.000000,0
0.002000,314
0.004000,628
0.006000,942
0.008000,1257
0.010000,1571
0.012000,1885
0.014000,2198
0.016000,2512
0.018000,2826
0.020000,3140
0.022000,3453
0.024000,3766
0.026000,4080
0.028000,4393
0.030000,4705
0.032000,5018
0.034000,5331
0.036000,5643
0.038000,5955
0.040000,6267
0.042000,6578
0.044000,6890
0.046000,7201
0.048000,7511
0.050000,7822
0.052000,8132
0.054000,8442
0.056000,8752
0.058000,9061
0.060000,9370
0.062000,9679
0.064000,9988
0.066000,10297
0.068000,10606
0.070000,10915
0.072000,11224
0.074000,11534
0.076000,11846
0.078000,12159
0.080000,12475
0.082000,12794
0.084000,13117
0.086000,13447
0.088000,13785
0.090000,14134
0.092000,14496
0.094000,14875
0.096000,15276
0.098000,15705
0.100000,16168
0.102000,16673
0.104000,17229
0.106000,17846
0.108000,18538
0.110000,19318
0.112000,20201
0.114000,21206
0.116000,22350
0.118000,23655
0.120000,25142
0.122000,26834
0.124000,28753
0.126000,30922
0.128000,33363
0.130000,36098
0.132000,39143
0.134000,42513
0.136000,46219
0.138000,50266
0.140000,54653
0.142000,59372
0.144000,64406
0.146000,69731
0.148000,75313
0.150000,81110
0.152000,87069
0.154000,93131
0.156000,99229
0.158000,105287
0.160000,111226
0.162000,116963
0.164000,122414
0.166000,127494
0.168000,132124
0.170000,136226
0.172000,139733
0.174000,142584
0.176000,144733
0.178000,146142
0.180000,146791
0.182000,146673
0.184000,145794
0.186000,144176
0.188000,141854
0.190000,138878
0.192000,135306
0.194000,131207
0.196000,126656
0.198000,121735
0.200000,116527
0.202000,111117
0.204000,105589
0.206000,100020
0.208000,94487
0.210000,89056
0.212000,83787
0.214000,78733
0.216000,73935
0.218000,69428
0.220000,65236
0.222000,61375
0.224000,57853
0.226000,54672
0.228000,51826
0.230000,49306
0.232000,47095
0.234000,45177
0.236000,43531
0.238000,42134
0.240000,40964
0.242000,39997
0.244000,39213
0.246000,38587
0.248000,38102
0.250000,37736
0.252000,37474
0.254000,37299
0.256000,37197
0.258000,37156
0.260000,37166
0.262000,37216
0.264000,37300
0.266000,37410
0.268000,37542
0.270000,37690
0.272000,37850
0.274000,38020
0.276000,38197
0.278000,38380
0.280000,38566
0.282000,38754
0.284000,38944
0.286000,39135
0.288000,39325
0.290000,39515
0.292000,39705
0.294000,39893
0.296000,40081
0.298000,40267
0.300000,40452
0.302000,40636
0.304000,40818
0.306000,40998
0.308000,41177
0.310000,41354
0.312000,41530
0.314000,41704
0.316000,41876
0.318000,42047
0.320000,42216
0.322000,42383
0.324000,42547
0.326000,42708
0.328000,42864
0.330000,43012
0.332000,43146
0.334000,43257
0.336000,43329
0.338000,43335
0.340000,43236
0.342000,42969
0.344000,42448
0.346000,41553
0.348000,40124
0.350000,37964
0.352000,34845
0.354000,30517
0.356000,24745
0.358000,17343
0.360000,8240
0.362000,-2447
0.364000,-14324
0.366000,-26616
0.368000,-38060
0.370000,-46804
0.372000,-50336
0.374000,-45467
0.376000,-28424
0.378000,4896
0.380000,58468
0.382000,135452
0.384000,237338
0.386000,363038
0.388000,508154
0.390000,664667
0.392000,821270
0.394000,964467
0.396000,1080334
0.398000,1156659
0.400000,1184989
0.402000,1162121
0.404000,1090625
0.406000,978308
0.408000,836727
0.410000,679163
0.412000,518544
0.414000,365756
0.416000,228637
0.418000,111715
0.420000,16572
0.422000,-57423
0.424000,-112262
0.426000,-150541
0.428000,-174925
0.430000,-187839
0.432000,-191372
0.434000,-187294
0.436000,-177143
0.438000,-162307
0.440000,-144076
0.442000,-123659
0.444000,-102177
0.446000,-80626
0.448000,-59847
0.450000,-40498
0.452000,-23041
0.454000,-7747
0.456000,5287
0.458000,16104
0.460000,24860
0.462000,31778
0.464000,37119
0.466000,41155
0.468000,44146
0.470000,46324
0.472000,47889
0.474000,49007
0.476000,49808
0.478000,50390
0.480000,50830
0.482000,51179
0.484000,51476
0.486000,51747
0.488000,52009
0.490000,52275
0.492000,52554
0.494000,52850
0.496000,53169
0.498000,53513
0.500000,53887
0.502000,54293
0.504000,54734
0.506000,55213
0.508000,55733
0.510000,56297
0.512000,56909
0.514000,57571
0.516000,58288
0.518000,59063
0.520000,59899
0.522000,60802
0.524000,61775
0.526000,62822
0.528000,63947
0.530000,65156
0.532000,66453
0.534000,67842
0.536000,69328
0.538000,70916
0.540000,72611
0.542000,74417
0.544000,76340
0.546000,78385
0.548000,80555
0.550000,82856
0.552000,85293
0.554000,87870
0.556000,90591
0.558000,93460
0.560000,96482
0.562000,99659
0.564000,102996
0.566000,106495
0.568000,110159
0.570000,113991
0.572000,117991
0.574000,122162
0.576000,126504
0.578000,131017
0.580000,135702
0.582000,140558
0.584000,145582
0.586000,150773
0.588000,156128
0.590000,161643
0.592000,167314
0.594000,173136
0.596000,179102
0.598000,185207
0.600000,191442
0.602000,197800
0.604000,204271
0.606000,210845
0.608000,217513
0.610000,224262
0.612000,231079
0.614000,237954
0.616000,244870
0.618000,251816
0.620000,258775
0.622000,265732
0.624000,272671
0.626000,279576
0.628000,286429
0.630000,293215
0.632000,299914
0.634000,306510
0.636000,312985
0.638000,319321
0.640000,325499
0.642000,331503
0.644000,337315
0.646000,342917
0.648000,348292
0.650000,353424
0.652000,358297
0.654000,362896
0.656000,367205
0.658000,371211
0.660000,374901
0.662000,378262
0.664000,381283
0.666000,383954
0.668000,386266
0.670000,388210
0.672000,389779
0.674000,390968
0.676000,391773
0.678000,392190
0.680000,392216
0.682000,391853
0.684000,391099
0.686000,389958
0.688000,388432
0.690000,386527
0.692000,384246
0.694000,381598
0.696000,378591
0.698000,375234
0.700000,371537
0.702000,367511
0.704000,363169
0.706000,358524
0.708000,353590
0.710000,348382
0.712000,342914
0.714000,337204
0.716000,331268
0.718000,325122
0.720000,318784
0.722000,312271
0.724000,305602
0.726000,298794
0.728000,291865
0.730000,284832
0.732000,277715
0.734000,270529
0.736000,263292
0.738000,256022
0.740000,248734
0.742000,241445
0.744000,234169
0.746000,226923
0.748000,219719
0.750000,212573
0.752000,205496
0.754000,198501
0.756000,191599
0.758000,184801
0.760000,178117
0.762000,171555
0.764000,165126
0.766000,158834
0.768000,152688
0.770000,146694
0.772000,140856
0.774000,135179
0.776000,129666
0.778000,124320
0.780000,119144
0.782000,114140
0.784000,109307
0.786000,104646
0.788000,100158
0.790000,95840
0.792000,91692
0.794000,87713
0.796000,83899
0.798000,80248
0.800000,76757
0.802000,73422
0.804000,70241
0.806000,67209
0.808000,64322
0.810000,61576
0.812000,58966
0.814000,56488
0.816000,54137
0.818000,51908
0.820000,49796
0.822000,47797
0.824000,45906
0.826000,44117
0.828000,42427
0.830000,40830
0.832000,39322
0.834000,24909
0.836000,24636
0.838000,24363
0.840000,24088
0.842000,23812
0.844000,23535
0.846000,23258
0.848000,22979
0.850000,22700
0.852000,22419
0.854000,22138
0.856000,21856
0.858000,21573
0.860000,21289
0.862000,21004
0.864000,20719
0.866000,20432
0.868000,20145
0.870000,19857
0.872000,19569
0.874000,19279
0.876000,18989
0.878000,18698
0.880000,18406
0.882000,18114
0.884000,17821
0.886000,17527
0.888000,17233
0.890000,16938
0.892000,16642
0.894000,16346
0.896000,16049
0.898000,15752
0.900000,15455
0.902000,15158
0.904000,14861
0.906000,14564
0.908000,14268
0.910000,13973
0.912000,13680
0.914000,13390
0.916000,13103
0.918000,12822
0.920000,12547
0.922000,12282
0.924000,12027
0.926000,11788
0.928000,11568
0.930000,11371
0.932000,11204
0.934000,11074
0.936000,10989
0.938000,10958
0.940000,10994
0.942000,11108
0.944000,11316
0.946000,11633
0.948000,12078
0.950000,12670
0.952000,13430
0.954000,14379
0.956000,15542
0.958000,16939
0.960000,18595
0.962000,20531
0.964000,22767
0.966000,25319
0.968000,28201
0.970000,31422
0.972000,34984
0.974000,38886
0.976000,43115
0.978000,47654
0.980000,52473
0.982000,57537
0.984000,62800
0.986000,68208
0.988000,73698
0.990000,79199
0.992000,84636
0.994000,89928
0.996000,94990
0.998000,99739
1.000000,104091
1.002000,107968
1.004000,111294
1.006000,114004
1.008000,116044
1.010000,117368
1.012000,117945
1.014000,117759
1.016000,116807
1.018000,115102
1.020000,112669
1.022000,109549
1.024000,105793
1.026000,101465
1.028000,96636
1.030000,91383
1.032000,85789
1.034000,79938
1.036000,73914
1.038000,67799
1.040000,61672
1.042000,55604
1.044000,49661
1.046000,43900
1.048000,38371
1.050000,33111
1.052000,28153
1.054000,23518
1.056000,19219
1.058000,15262
1.060000,11647
1.062000,8365
1.064000,5406
1.066000,2753
1.068000,387
1.070000,-1713
1.072000,-3568
1.074000,-5203
1.076000,-6640
1.078000,-7901
1.080000,-9007
1.082000,-9978
1.084000,-10833
1.086000,-11589
1.088000,-12260
1.090000,-12861
1.092000,-13402
1.094000,-13894
1.096000,-14345
1.098000,-14764
1.100000,-15156
1.102000,-15527
1.104000,-15880
1.106000,-16220
1.108000,-16549
1.110000,-16869
1.112000,-17182
1.114000,-17491
1.116000,-17794
1.118000,-18095
1.120000,-18393
1.122000,-18688
1.124000,-18982
1.126000,-19275
1.128000,-19565
1.130000,-19855
1.132000,-20144
1.134000,-20431
1.136000,-20718
1.138000,-21004
1.140000,-21289
1.142000,-21573
1.144000,-21856
1.146000,-22138
1.148000,-22419
1.150000,-22700
1.152000,-22979
1.154000,-23258
1.156000,-23537
1.158000,-23816
1.160000,-24095
1.162000,-24378
1.164000,-24668
1.166000,-24972
1.168000,-25301
1.170000,-25673
1.172000,-26120
1.174000,-26688
1.176000,-27445
1.178000,-28491
1.180000,-29957
1.182000,-32015
1.184000,-34874
1.186000,-38772
1.188000,-43958
1.190000,-50655
1.192000,-59018
1.194000,-69066
1.196000,-80600
1.198000,-93110
1.200000,-105670
1.202000,-116831
1.204000,-124529
1.206000,-126021
1.208000,-117909
1.210000,-96270
1.212000,-56982
1.214000,3744
1.216000,88614
1.218000,198353
1.220000,330839
1.222000,480471
1.224000,638061
1.226000,791414
1.228000,926669
1.230000,1030228
1.232000,1090922
1.234000,1101927
1.236000,1061956
1.238000,975439
1.240000,851632
1.242000,702905
1.244000,542644
1.246000,383252
1.248000,234672
1.250000,103634
1.252000,-6379
1.254000,-94617
1.256000,-162256
1.258000,-211566
1.260000,-245214
1.262000,-265806
1.264000,-275660
1.266000,-276751
1.268000,-270761
1.270000,-259172
1.272000,-243333
1.274000,-224507
1.276000,-203878
1.278000,-182527
1.280000,-161402
1.282000,-141288
1.284000,-122775
1.286000,-106262
1.288000,-91959
1.290000,-79912
1.292000,-70037
1.294000,-62151
1.296000,-56015
1.298000,-51361
1.300000,-47921
1.302000,-45441
1.304000,-43700
1.306000,-42509
1.308000,-41715
1.310000,-41198
1.312000,-40868
1.314000,-40658
1.316000,-40520
1.318000,-40421
1.320000,-40338
1.322000,-40255
1.324000,-40162
1.326000,-40050
1.328000,-39916
1.330000,-39754
1.332000,-39561
1.334000,-39335
1.336000,-39071
1.338000,-38768
1.340000,-38422
1.342000,-38031
1.344000,-37591
1.346000,-37098
1.348000,-36550
1.350000,-35942
1.352000,-35272
1.354000,-34534
1.356000,-33725
1.358000,-32842
1.360000,-31878
1.362000,-30831
1.364000,-29695
1.366000,-28466
1.368000,-27140
1.370000,-25711
1.372000,-24174
1.374000,-22526
1.376000,-20760
1.378000,-18873
1.380000,-16859
1.382000,-14713
1.384000,-12431
1.386000,-10008
1.388000,-7440
1.390000,-4723
1.392000,-1852
1.394000,1176
1.396000,4365
1.398000,7718
1.400000,11238
1.402000,14928
1.404000,18789
1.406000,22824
1.408000,27033
1.410000,31418
1.412000,35978
1.414000,40713
1.416000,45622
1.418000,50702
1.420000,55953
1.422000,61370
1.424000,66949
1.426000,72687
1.428000,78577
1.430000,84614
1.432000,90791
1.434000,97099
1.436000,103530
1.438000,110076
1.440000,116725
1.442000,123467
1.444000,130290
1.446000,137182
1.448000,144130
1.450000,151120
1.452000,158136
1.454000,165166
1.456000,172191
1.458000,179198
1.460000,186168
1.462000,193085
1.464000,199932
1.466000,206690
1.468000,213344
1.470000,219873
1.472000,226262
1.474000,232491
1.476000,238543
1.478000,244401
1.480000,250048
1.482000,255465
1.484000,260639
1.486000,265551
1.488000,270188
1.490000,274535
1.492000,278577
1.494000,282303
1.496000,285700
1.498000,288757
1.500000,291464
1.502000,293813
1.504000,295795
1.506000,297404
1.508000,298636
1.510000,299485
1.512000,299949
1.514000,300027
1.516000,299718
1.518000,299023
1.520000,297945
1.522000,296487
1.524000,294655
1.526000,292454
1.528000,289891
1.530000,286976
1.532000,283718
1.534000,280126
1.536000,276214
1.538000,271994
1.540000,267479
1.542000,262682
1.544000,257621
1.546000,252309
1.548000,246763
1.550000,241000
1.552000,235036
1.554000,228890
1.556000,222579
1.558000,216121
1.560000,209533
1.562000,202833
1.564000,196040
1.566000,189170
1.568000,182241
1.570000,175271
1.572000,168276
1.574000,161272
1.576000,154275
1.578000,147301
1.580000,140363
1.582000,133477
1.584000,126655
1.586000,119910
1.588000,113254
1.590000,106699
1.592000,100254
1.594000,93929
1.596000,87733
1.598000,81674
1.600000,75760
1.602000,69996
1.604000,64388
1.606000,58942
1.608000,53661
1.610000,48548
1.612000,43607
1.614000,38839
1.616000,34246
1.618000,29828
1.620000,25585
1.622000,21517
1.624000,17622
1.626000,13900
1.628000,10348
1.630000,6965
1.632000,3746
1.634000,689
1.636000,-2209
1.638000,-4953
1.640000,-7546
1.642000,-9992
1.644000,-12296
1.646000,-14463
1.648000,-16496
1.650000,-18402
1.652000,-20184
1.654000,-21847
1.656000,-23396
1.658000,-24837
1.660000,-26173
1.662000,-27411
1.664000,-28553
1.666000,-29606
1.668000,-43196
1.670000,-43037
1.672000,-42876
1.674000,-42714
1.676000,-42550
1.678000,-42384
1.680000,-42216
1.682000,-42047
1.684000,-41876
1.686000,-41704
1.688000,-41530
1.690000,-41354
1.692000,-41177
1.694000,-40998
1.696000,-40817
1.698000,-40635
1.700000,-40451
1.702000,-40265
1.704000,-40078
1.706000,-39890
1.708000,-39699
1.710000,-39508
1.712000,-39314
1.714000,-39119
1.716000,-38923
1.718000,-38725
1.720000,-38525
1.722000,-38324
1.724000,-38121
1.726000,-37917
1.728000,-37711
1.730000,-37503
1.732000,-37294
1.734000,-37082
1.736000,-36869
1.738000,-36653
1.740000,-36435
1.742000,-36214
1.744000,-35989
1.746000,-35761
1.748000,-35527
1.750000,-35287
1.752000,-35040
1.754000,-34784
1.756000,-34516
1.758000,-34233
1.760000,-33933
1.762000,-33610
1.764000,-33260
1.766000,-32876
1.768000,-32451
1.770000,-31977
1.772000,-31442
1.774000,-30836
1.776000,-30144
1.778000,-29352
1.780000,-28443
1.782000,-27399
1.784000,-26199
1.786000,-24823
1.788000,-23248
1.790000,-21451
1.792000,-19409
1.794000,-17101
1.796000,-14504
1.798000,-11600
1.800000,-8374
1.802000,-4812
1.804000,-909
1.806000,3338
1.808000,7921
1.810000,12829
1.812000,18038
1.814000,23519
1.816000,29231
1.818000,35126
1.820000,41147
1.822000,47229
1.824000,53298
1.826000,59277
1.828000,65085
1.830000,70636
1.832000,75847
1.834000,80636
1.836000,84923
1.838000,88639
1.840000,91721
1.842000,94116
1.844000,95784
1.846000,96700
1.848000,96850
1.850000,96239
1.852000,94881
1.854000,92809
1.856000,90066
1.858000,86709
1.860000,82802
1.862000,78421
1.864000,73643
1.866000,68553
1.868000,63234
1.870000,57771
1.872000,52245
1.874000,46731
1.876000,41299
1.878000,36013
1.880000,30927
1.882000,26087
1.884000,21528
1.886000,17280
1.888000,13360
1.890000,9779
1.892000,6542
1.894000,3644
1.896000,1077
1.898000,-1173
1.900000,-3122
1.902000,-4791
1.904000,-6200
1.906000,-7373
1.908000,-8333
1.910000,-9101
1.912000,-9701
1.914000,-10154
1.916000,-10477
1.918000,-10691
1.920000,-10810
1.922000,-10849
1.924000,-10822
1.926000,-10739
1.928000,-10610
1.930000,-10443
1.932000,-10246
1.934000,-10024
1.936000,-9783
1.938000,-9526
1.940000,-9256
1.942000,-8977
1.944000,-8690
1.946000,-8397
1.948000,-8099
1.950000,-7798
1.952000,-7495
1.954000,-7189
1.956000,-6881
1.958000,-6572
1.960000,-6263
1.962000,-5952
1.964000,-5641
1.966000,-5329
1.968000,-5017
1.970000,-4705
1.972000,-4392
1.974000,-4079
1.976000,-3766
1.978000,-3453
1.980000,-3139
1.982000,-2826
1.984000,-2512
1.986000,-2199
1.988000,-1885
1.990000,-1573
1.992000,-1261
1.994000,-952
1.996000,-648
1.998000,-354
